{
    "checkpoints": [
        {
            "index": 2,
            "time": 16,
            "fastfee": {
                "tx1": "68fe2d1668f91586a357732acc345b3a6655351dcf2e56c9837da8c979fcb111",
                "tx2": "9445dc89dd728924d4eba102b010dae149fd5b54e49c78b6d7290e424e45d7d8",
                "confirm_duration": 11,
                "six_deep_duration": 42.5011,
                "twenty_deep_duration": 196.72556666666665
            },
            "slowfee": {
                "tx1": "ef5c406389ea471e20da35340c6bf49458a46c34805d33dde1f8153d15c1771c",
                "tx2": "9243aa6018d813a043f57bad339fd782369764ce8db181ea52c85d63d0ae159d",
                "confirm_duration": 27,
                "six_deep_duration": 58.6188,
                "twenty_deep_duration": 212.52693333333335
            }
        },
        {
            "index": 5,
            "time": 17,
            "fastfee": {
                "tx1": "7ff44a1dcb54d24c693bed8a5b07f1d9903f6076dd27219f851b3e5b98cfa3ff",
                "tx2": "4d716cf5355ee72973ca54cb4c3e27cfa178a29293b6de135d6da9f6c1b779d8",
                "confirm_duration": 4,
                "six_deep_duration": 77.75671666666668,
                "twenty_deep_duration": 193.6657
            },
            "slowfee": {
                "tx1": "8d798fbb911f2bdcaebc8dbd751beeb708a799fcfdfdc62d238159db5c937ff7",
                "tx2": "6c8fe7741247a342adecb635aab6836beb0be6b02e691776ad3a4fb73dff3a7c",
                "confirm_duration": 4,
                "six_deep_duration": 77.75671666666668,
                "twenty_deep_duration": 193.6657
            }
        },
        {
            "index": 6,
            "time": 18,
            "fastfee": {
                "tx1": "64923d71845b069224e3dc1dbc45a5b7d0a079e50eed2dc4adb78af123c56422",
                "tx2": "8ce713959ec736e3dc2cbbd2630cefa8bb3bba5712bdffaaec9975b0b802c9dd",
                "confirm_duration": 20,
                "six_deep_duration": 108.35416666666667,
                "twenty_deep_duration": 208.35748333333333
            },
            "slowfee": {
                "tx1": "b6a804bdc06ff2ab635b24d73effe8c70bf1b92659df0eaaf5eecefe5274238a",
                "tx2": "64457b18f13c0b6baf9506b8bc416b39a533ba87dc1a1d81722bf22116afa833",
                "confirm_duration": 32,
                "six_deep_duration": 130.58558333333332,
                "twenty_deep_duration": 223.65193333333335
            }
        },
        {
            "index": 8,
            "time": 19,
            "fastfee": {
                "tx1": "d9106ab8da90ac77ae49dc70a09e75d6e13c92d079c3c3759b9065a9b84262e6",
                "tx2": "e20970355e0774484179b5837872b13bb48f25fbdf73ebfc5bc388c91dd40a48",
                "confirm_duration": 10,
                "six_deep_duration": 62.5599,
                "twenty_deep_duration": 169.88405
            },
            "slowfee": {
                "tx1": "24baa4c547ca74411fb81ba7b8e2e9bcabf45000bb3b8feb2b86d23d420c705e",
                "tx2": "b75d6c94aefe32bc9944ec4942641c01379f02c03021adbf12d839371c983e6d",
                "confirm_duration": 33,
                "six_deep_duration": 74.219233333333335,
                "twenty_deep_duration": 199.35706666666667
            }
        },
        {
            "index": 10,
            "time": 20,
            "fastfee": {
                "tx1": "10c0b3797bd201ee2e968202270e3941be1b546481e69db6dcccfabc6fa162c2",
                "tx2": "63eb2e4e78e29353fbe048a67ce36cb782c7871c29a7e4610ce993956386c63a",
                "confirm_duration": 11,
                "six_deep_duration": 52.80395,
                "twenty_deep_duration": 190.8448
            },
            "slowfee": {
                "tx1": "2f813147051bfab5b4b7af2c05386cad7bfb7b8712d0c2ef184184520f3a2f4d",
                "tx2": "f74a7af1e4591a1a699f3365ceaaafdea54033fab8518e1df7eb93bc9311978b",
                "confirm_duration": 14,
                "six_deep_duration": 60.0141,
                "twenty_deep_duration": 195.45589999999999
            }
        },
        {
            "index": 13,
            "time": 21,
            "fastfee": {
                "tx1": "0330b40402c18dbf5a084132e35248dc2fddb757284148670328b967b8310723",
                "tx2": "1a57318dea4a001b50b92432ecc54c38e7245095b7f39cb1c2c29f8c4e0f7db5",
                "confirm_duration": 18,
                "six_deep_duration": 77.37491666666666,
                "twenty_deep_duration": 214.93235
            },
            "slowfee": {
                "tx1": "ed0981a1a951f861b92ea5c7a70ae5598eeb95bca01cbde6f88809aaaf560851",
                "tx2": "04d37757c5b2fe7289443fbabe6ad512464e14467f967014188fd96b40196f4f",
                "confirm_duration": 21,
                "six_deep_duration": 84.89888333333333,
                "twenty_deep_duration": 242.20923333333334
            }
        },
        {
            "index": 15,
            "time": 22,
            "fastfee": {
                "tx1": "46a40f4636056270b5d52632451ff3b74b5570ae32e3ada612affb1ab8ff4074",
                "tx2": "1af6ff000af8a0faa74b1cd0eeca291dfdd45788436e5845981b6a90deaf3994",
                "confirm_duration": 14,
                "six_deep_duration": 57.50071666666667,
                "twenty_deep_duration": 199.15001666666666
            },
            "slowfee": {
                "tx1": "955b26e5737d075246f1fd5df2f7ef52a9c4a59e59130f97a52578478d397135",
                "tx2": "5e66ab376b0b26cd1b62f25afcf5af1461e1f2d673c4d174fd00eb4d19570aaa",
                "confirm_duration": 33,
                "six_deep_duration": 91.74461666666667,
                "twenty_deep_duration": 213.88896666666668
            }
        },
        {
            "index": 18,
            "time": 23,
            "fastfee": {
                "tx1": "23e0d87ca91b4a285a1eb3ad2fd2e97ff88f5eb7a06be1fd25091424ddeae489",
                "tx2": "cda130cf8a765f6586e9911d626e6f3d7a646f9c60f4f5208cf76efd4ee486bf",
                "confirm_duration": 10,
                "six_deep_duration": 81.47045,
                "twenty_deep_duration": 202.2473
            },
            "slowfee": {
                "tx1": "4f51a56463b4850d5dd7a4175580676cc12195298770ecf9937eaa2e9bff1136",
                "tx2": "dd0a54698c54ad2591384b1feec230d3cd449b7811357cc238c729c567398e27",
                "confirm_duration": 10,
                "six_deep_duration": 81.47045,
                "twenty_deep_duration": 202.2473
            }
        },
        {
            "index": 22,
            "time": 24,
            "fastfee": {
                "tx1": "ff0ff230008ec6b7140965ef5d83accca6822f5b168ee3b1655b57eefc6966ee",
                "tx2": "50c7677c827443db98b3170d77c68853e25a13aa08fcbe10504942f4146a213a",
                "confirm_duration": 21,
                "six_deep_duration": 77.1721,
                "twenty_deep_duration": 195.25136666666668
            },
            "slowfee": {
                "tx1": "ff418bc8cb5eebee5c0e0495f6179ea9f71d66ed57f6cca2580a2a130efb17a5",
                "tx2": "cd68c86d6fd3f9356dd50a60d44da46a15bdabd1f970c118d9ad7a7870e8fac8",
                "confirm_duration": 77,
                "six_deep_duration": 102.66873333333333,
                "twenty_deep_duration": 221.62533333333334
            }
        },
        {
            "index": 23,
            "time": 1,
            "fastfee": {
                "tx1": "d594127a3320ec1ec12cadb3a38d74fc7540459af21849355e9335880b7ecf8d",
                "tx2": "9ec3babd43dbe63f457f1a1a262af6dbf8a81d6ac030edc4cd963b65c503c9c5",
                "confirm_duration": 1,
                "six_deep_duration": 53.01668333333334,
                "twenty_deep_duration": 177.83426666666668
            },
            "slowfee": {
                "tx1": "46dab1bbcb77673f138dd9b93d7034ef8f83e9b49f6e27b72e96b46082411eab",
                "tx2": "5060cc525d247b1440c44ea570f1be21f799ace38765b251ca142a2cb08f1b5f",
                "confirm_duration": 17,